First Name,Last Name,Age,Gender,Class,Dental Election,Vision Election,Salary,Salary Mode
Employee,Night,47,M,3,ES,EE,25000,A
Employee,Ten,47,M,4,ec2,EE,25000,A
Employee,Five,47,M,2,W,EE,25000,A
Employee,Four,47,M,1,EF,EE,25000,A
Employee,Three,47,M,1,EE,EE,25000,A
Employee,One,47,M,1,EE,EE,25000,A
Employee,Six,47,M,2,EF,EE,25000,A
Employee,Two,47,M,1,EE,EE,25000,A
Employee,Eight,47,M,3,ES,EE,25000,A
Employee,Seven,47,M,2,W,EE,25000,A
Employee,Night,47,M,3,ES,EE,25000,A
Employee,Ten,47,M,4,ec2,EE,25000,A
Employee,Five,47,M,2,W,EE,25000,A
Employee,Four,47,M,1,EF,EE,25000,A
Employee,Three,47,M,1,EE,EE,25000,A
Employee,One,47,M,1,EE,EE,25000,A
Employee,Six,47,M,2,EF,EE,25000,A
Employee,Two,47,M,1,EE,EE,25000,A
Employee,Eight,47,M,3,ES,EE,25000,A
Employee,Seven,47,M,2,W,EE,25000,A
Employee,Night,47,M,3,ES,EE,25000,A
Employee,Ten,47,M,4,ec2,EE,25000,A
Employee,Five,47,M,2,W,EE,25000,A
Employee,Four,47,M,1,EF,EE,25000,A
Employee,Three,47,M,1,EE,EE,25000,A
Employee,One,47,M,1,EE,EE,25000,A
Employee,Six,47,M,2,EF,EE,25000,A
Employee,Two,47,M,1,EE,EE,25000,A
Employee,Eight,47,M,3,ES,EE,25000,A
Employee,Seven,47,M,2,W,EE,25000,A
Employee,Night,47,M,3,ES,EE,25000,A
Employee,Ten,47,M,4,ec2,EE,25000,A
Employee,Five,47,M,2,W,EE,25000,A
Employee,Four,47,M,1,EF,EE,25000,A
Employee,Three,47,M,1,EE,EE,25000,A
Employee,One,47,M,1,EE,EE,25000,A
Employee,Six,47,M,2,EF,EE,25000,A
Employee,Two,47,M,1,EE,EE,25000,A
Employee,Eight,47,M,3,ES,EE,25000,A
Employee,Seven,47,M,2,W,EE,25000,A
Employee,Night,47,M,3,ES,EE,25000,A
Employee,Ten,47,M,4,ec2,EE,25000,A
Employee,Five,47,M,2,W,EE,25000,A
Employee,Four,47,M,1,EF,EE,25000,A
Employee,Three,47,M,1,EE,EE,25000,A
Employee,One,47,M,1,EE,EE,25000,A
Employee,Six,47,M,2,EF,EE,25000,A
Employee,Two,47,M,1,EE,EE,25000,A
Employee,Eight,47,M,3,ES,EE,25000,A
Employee,Seven,47,M,2,W,EE,25000,A
Employee,Night,47,M,3,ES,EE,25000,A
Employee,Ten,47,M,4,ec2,EE,25000,A
Employee,Five,47,M,2,W,EE,25000,A
Employee,Four,47,M,1,EF,EE,25000,A
Employee,Three,47,M,1,EE,EE,25000,A
Employee,One,47,M,1,EE,EE,25000,A
Employee,Six,47,M,2,EF,EE,25000,A
Employee,Two,47,M,1,EE,EE,25000,A
Employee,Eight,47,M,3,ES,EE,25000,A
Employee,Seven,47,M,2,W,EE,25000,A
Employee,Night,47,M,3,ES,EE,25000,A
Employee,Ten,47,M,4,ec2,EE,25000,A
Employee,Five,47,M,2,W,EE,25000,A
Employee,Four,47,M,1,EF,EE,25000,A
Employee,Three,47,M,1,EE,EE,25000,A
Employee,One,47,M,1,EE,EE,25000,A
Employee,Six,47,M,2,EF,EE,25000,A
Employee,Two,47,M,1,EE,EE,25000,A
Employee,Eight,47,M,3,ES,EE,25000,A
Employee,Seven,47,M,2,W,EE,25000,A
Employee,Night,47,M,3,ES,EE,25000,A
Employee,Ten,47,M,4,ec2,EE,25000,A
Employee,Five,47,M,2,W,EE,25000,A
Employee,Four,47,M,1,EF,EE,25000,A
Employee,Three,47,M,1,EE,EE,25000,A
Employee,One,47,M,1,EE,EE,25000,A
Employee,Six,47,M,2,EF,EE,25000,A
Employee,Two,47,M,1,EE,EE,25000,A
Employee,Eight,47,M,3,ES,EE,25000,A
Employee,Seven,47,M,2,W,EE,25000,A
Employee,Night,47,M,3,ES,EE,25000,A
Employee,Ten,47,M,4,ec2,EE,25000,A
Employee,Five,47,M,2,W,EE,25000,A
Employee,Four,47,M,1,EF,EE,25000,A
Employee,Three,47,M,1,EE,EE,25000,A
Employee,One,47,M,1,EE,EE,25000,A
Employee,Six,47,M,2,EF,EE,25000,A
Employee,Two,47,M,1,EE,EE,25000,A
Employee,Eight,47,M,3,ES,EE,25000,A
Employee,Seven,47,M,2,W,EE,25000,A
Employee,Night,47,M,3,ES,EE,25000,A
Employee,Ten,47,M,4,ec2,EE,25000,A
Employee,Five,47,M,2,W,EE,25000,A
Employee,Four,47,M,1,EF,EE,25000,A
Employee,Three,47,M,1,EE,EE,25000,A
Employee,One,47,M,1,EE,EE,25000,A
Employee,Six,47,M,2,EF,EE,25000,A
Employee,Two,47,M,1,EE,EE,25000,A
Employee,Eight,47,M,3,ES,EE,25000,A
Employee,Seven,47,M,2,W,EE,25000,A
Employee,Night,47,M,3,ES,EE,25000,A
Employee,Ten,47,M,4,ec2,EE,25000,A
Employee,Five,47,M,2,W,EE,25000,A
Employee,Four,47,M,1,EF,EE,25000,A
Employee,Three,47,M,1,EE,EE,25000,A
Employee,One,47,M,1,EE,EE,25000,A
Employee,Six,47,M,2,EF,EE,25000,A
Employee,Two,47,M,1,EE,EE,25000,A
Employee,Eight,47,M,3,ES,EE,25000,A
Employee,Seven,47,M,2,W,EE,25000,A
Employee,Night,47,M,3,ES,EE,25000,A
Employee,Ten,47,M,4,ec2,EE,25000,A
Employee,Five,47,M,2,W,EE,25000,A
Employee,Four,47,M,1,EF,EE,25000,A
Employee,Three,47,M,1,EE,EE,25000,A
Employee,One,47,M,1,EE,EE,25000,A
Employee,Six,47,M,2,EF,EE,25000,A
Employee,Two,47,M,1,EE,EE,25000,A
Employee,Eight,47,M,3,ES,EE,25000,A
Employee,Seven,47,M,2,W,EE,25000,A
Employee,Night,47,M,3,ES,EE,25000,A
Employee,Ten,47,M,4,ec2,EE,25000,A
Employee,Five,47,M,2,W,EE,25000,A
Employee,Four,47,M,1,EF,EE,25000,A
Employee,Three,47,M,1,EE,EE,25000,A
Employee,One,47,M,1,EE,EE,25000,A
Employee,Six,47,M,2,EF,EE,25000,A
Employee,Two,47,M,1,EE,EE,25000,A
Employee,Eight,47,M,3,ES,EE,25000,A
Employee,Seven,47,M,2,W,EE,25000,A
Employee,Night,47,M,3,ES,EE,25000,A
Employee,Ten,47,M,4,ec2,EE,25000,A
Employee,Five,47,M,2,W,EE,25000,A
Employee,Four,47,M,1,EF,EE,25000,A
Employee,Three,47,M,1,EE,EE,25000,A
Employee,One,47,M,1,EE,EE,25000,A
Employee,Six,47,M,2,EF,EE,25000,A
Employee,Two,47,M,1,EE,EE,25000,A
Employee,Eight,47,M,3,ES,EE,25000,A
Employee,Seven,47,M,2,W,EE,25000,A
Employee,Night,47,M,3,ES,EE,25000,A
Employee,Ten,47,M,4,ec2,EE,25000,A
Employee,Five,47,M,2,W,EE,25000,A
Employee,Four,47,M,1,EF,EE,25000,A
Employee,Three,47,M,1,EE,EE,25000,A
Employee,One,47,M,1,EE,EE,25000,A
Employee,Six,47,M,2,EF,EE,25000,A
Employee,Two,47,M,1,EE,EE,25000,A
Employee,Eight,47,M,3,ES,EE,25000,A
Employee,Seven,47,M,2,W,EE,25000,A
Employee,Night,47,M,3,ES,EE,25000,A
Employee,Ten,47,M,4,ec2,EE,25000,A
Employee,Five,47,M,2,W,EE,25000,A
Employee,Four,47,M,1,EF,EE,25000,A
Employee,Three,47,M,1,EE,EE,25000,A
Employee,One,47,M,1,EE,EE,25000,A
Employee,Six,47,M,2,EF,EE,25000,A
Employee,Two,47,M,1,EE,EE,25000,A
Employee,Eight,47,M,3,ES,EE,25000,A
Employee,Seven,47,M,2,W,EE,25000,A
Employee,Night,47,M,3,ES,EE,25000,A
Employee,Ten,47,M,4,ec2,EE,25000,A
Employee,Five,47,M,2,W,EE,25000,A
Employee,Four,47,M,1,EF,EE,25000,A
Employee,Three,47,M,1,EE,EE,25000,A
Employee,One,47,M,1,EE,EE,25000,A
Employee,Six,47,M,2,EF,EE,25000,A
Employee,Two,47,M,1,EE,EE,25000,A
Employee,Eight,47,M,3,ES,EE,25000,A
Employee,Seven,47,M,2,W,EE,25000,A
Employee,Night,47,M,3,ES,EE,25000,A
Employee,Ten,47,M,4,ec2,EE,25000,A
Employee,Five,47,M,2,W,EE,25000,A
Employee,Four,47,M,1,EF,EE,25000,A
Employee,Three,47,M,1,EE,EE,25000,A
Employee,One,47,M,1,EE,EE,25000,A
Employee,Six,47,M,2,EF,EE,25000,A
Employee,Two,47,M,1,EE,EE,25000,A
Employee,Eight,47,M,3,ES,EE,25000,A
Employee,Seven,47,M,2,W,EE,25000,A
Employee,Night,47,M,3,ES,EE,25000,A
Employee,Ten,47,M,4,ec2,EE,25000,A
Employee,Five,47,M,2,W,EE,25000,A
Employee,Four,47,M,1,EF,EE,25000,A
Employee,Three,47,M,1,EE,EE,25000,A
Employee,One,47,M,1,EE,EE,25000,A
Employee,Six,47,M,2,EF,EE,25000,A
Employee,Two,47,M,1,EE,EE,25000,A
Employee,Eight,47,M,3,ES,EE,25000,A
Employee,Seven,47,M,2,W,EE,25000,A
Employee,Night,47,M,3,ES,EE,25000,A
Employee,Ten,47,M,4,ec2,EE,25000,A
Employee,Five,47,M,2,W,EE,25000,A
Employee,Four,47,M,1,EF,EE,25000,A
Employee,Three,47,M,1,EE,EE,25000,A
Employee,One,47,M,1,EE,EE,25000,A
Employee,Six,47,M,2,EF,EE,25000,A
Employee,Two,47,M,1,EE,EE,25000,A
Employee,Eight,47,M,3,ES,EE,25000,A
Employee,Seven,47,M,2,W,EE,25000,A
Employee,Night,47,M,3,ES,EE,25000,A
Employee,Ten,47,M,4,ec2,EE,25000,A
Employee,Five,47,M,2,W,EE,25000,A
Employee,Four,47,M,1,EF,EE,25000,A
Employee,Three,47,M,1,EE,EE,25000,A
Employee,One,47,M,1,EE,EE,25000,A
Employee,Six,47,M,2,EF,EE,25000,A
Employee,Two,47,M,1,EE,EE,25000,A
Employee,Eight,47,M,3,ES,EE,25000,A
Employee,Seven,47,M,2,W,EE,25000,A
Employee,Night,47,M,3,ES,EE,25000,A
Employee,Ten,47,M,4,ec2,EE,25000,A
Employee,Five,47,M,2,W,EE,25000,A
Employee,Four,47,M,1,EF,EE,25000,A
Employee,Three,47,M,1,EE,EE,25000,A
Employee,One,47,M,1,EE,EE,25000,A
Employee,Six,47,M,2,EF,EE,25000,A
Employee,Two,47,M,1,EE,EE,25000,A
Employee,Eight,47,M,3,ES,EE,25000,A
Employee,Seven,47,M,2,W,EE,25000,A
Employee,Night,47,M,3,ES,EE,25000,A
Employee,Ten,47,M,4,ec2,EE,25000,A
Employee,Five,47,M,2,W,EE,25000,A
Employee,Four,47,M,1,EF,EE,25000,A
Employee,Three,47,M,1,EE,EE,25000,A
Employee,One,47,M,1,EE,EE,25000,A
Employee,Six,47,M,2,EF,EE,25000,A
Employee,Two,47,M,1,EE,EE,25000,A
Employee,Eight,47,M,3,ES,EE,25000,A
Employee,Seven,47,M,2,W,EE,25000,A
Employee,Night,47,M,3,ES,EE,25000,A
Employee,Ten,47,M,4,ec2,EE,25000,A
Employee,Five,47,M,2,W,EE,25000,A
Employee,Four,47,M,1,EF,EE,25000,A
Employee,Three,47,M,1,EE,EE,25000,A
Employee,One,47,M,1,EE,EE,25000,A
Employee,Six,47,M,2,EF,EE,25000,A
Employee,Two,47,M,1,EE,EE,25000,A
Employee,Eight,47,M,3,ES,EE,25000,A
Employee,Seven,47,M,2,W,EE,25000,A
Employee,Night,47,M,3,ES,EE,25000,A
Employee,Ten,47,M,4,ec2,EE,25000,A
Employee,Five,47,M,2,W,EE,25000,A
Employee,Four,47,M,1,EF,EE,25000,A
Employee,Three,47,M,1,EE,EE,25000,A
Employee,One,47,M,1,EE,EE,25000,A
Employee,Six,47,M,2,EF,EE,25000,A
Employee,Two,47,M,1,EE,EE,25000,A
Employee,Eight,47,M,3,ES,EE,25000,A
Employee,Seven,47,M,2,W,EE,25000,A
Employee,Night,47,M,3,ES,EE,25000,A
Employee,Ten,47,M,4,ec2,EE,25000,A
Employee,Five,47,M,2,W,EE,25000,A
Employee,Four,47,M,1,EF,EE,25000,A
Employee,Three,47,M,1,EE,EE,25000,A
Employee,One,47,M,1,EE,EE,25000,A
Employee,Six,47,M,2,EF,EE,25000,A
Employee,Two,47,M,1,EE,EE,25000,A
Employee,Eight,47,M,3,ES,EE,25000,A
Employee,Seven,47,M,2,W,EE,25000,A
Employee,Night,47,M,3,ES,EE,25000,A
Employee,Ten,47,M,4,ec2,EE,25000,A
Employee,Five,47,M,2,W,EE,25000,A
Employee,Four,47,M,1,EF,EE,25000,A
Employee,Three,47,M,1,EE,EE,25000,A
Employee,One,47,M,1,EE,EE,25000,A
Employee,Six,47,M,2,EF,EE,25000,A
Employee,Two,47,M,1,EE,EE,25000,A
Employee,Eight,47,M,3,ES,EE,25000,A
Employee,Seven,47,M,2,W,EE,25000,A
Employee,Night,47,M,3,ES,EE,25000,A
Employee,Ten,47,M,4,ec2,EE,25000,A
Employee,Five,47,M,2,W,EE,25000,A
Employee,Four,47,M,1,EF,EE,25000,A
Employee,Three,47,M,1,EE,EE,25000,A
Employee,One,47,M,1,EE,EE,25000,A
Employee,Six,47,M,2,EF,EE,25000,A
Employee,Two,47,M,1,EE,EE,25000,A
Employee,Eight,47,M,3,ES,EE,25000,A
Employee,Seven,47,M,2,W,EE,25000,A
Employee,Night,47,M,3,ES,EE,25000,A
Employee,Ten,47,M,4,ec2,EE,25000,A
Employee,Five,47,M,2,W,EE,25000,A
Employee,Four,47,M,1,EF,EE,25000,A
Employee,Three,47,M,1,EE,EE,25000,A
Employee,One,47,M,1,EE,EE,25000,A
Employee,Six,47,M,2,EF,EE,25000,A
Employee,Two,47,M,1,EE,EE,25000,A
Employee,Eight,47,M,3,ES,EE,25000,A
Employee,Seven,47,M,2,W,EE,25000,A
Employee,Night,47,M,3,ES,EE,25000,A
Employee,Ten,47,M,4,ec2,EE,25000,A
Employee,Five,47,M,2,W,EE,25000,A
Employee,Four,47,M,1,EF,EE,25000,A
Employee,Three,47,M,1,EE,EE,25000,A
Employee,One,47,M,1,EE,EE,25000,A
Employee,Six,47,M,2,EF,EE,25000,A
Employee,Two,47,M,1,EE,EE,25000,A
Employee,Eight,47,M,3,ES,EE,25000,A
Employee,Seven,47,M,2,W,EE,25000,A
Employee,Night,47,M,3,ES,EE,25000,A
Employee,Ten,47,M,4,ec2,EE,25000,A
Employee,Five,47,M,2,W,EE,25000,A
Employee,Four,47,M,1,EF,EE,25000,A
Employee,Three,47,M,1,EE,EE,25000,A
Employee,One,47,M,1,EE,EE,25000,A
Employee,Six,47,M,2,EF,EE,25000,A
Employee,Two,47,M,1,EE,EE,25000,A
Employee,Eight,47,M,3,ES,EE,25000,A
Employee,Seven,47,M,2,W,EE,25000,A
Employee,Night,47,M,3,ES,EE,25000,A
Employee,Ten,47,M,4,ec2,EE,25000,A
Employee,Five,47,M,2,W,EE,25000,A
Employee,Four,47,M,1,EF,EE,25000,A
Employee,Three,47,M,1,EE,EE,25000,A
Employee,One,47,M,1,EE,EE,25000,A
Employee,Six,47,M,2,EF,EE,25000,A
Employee,Two,47,M,1,EE,EE,25000,A
Employee,Eight,47,M,3,ES,EE,25000,A
Employee,Seven,47,M,2,W,EE,25000,A
Employee,Night,47,M,3,ES,EE,25000,A
Employee,Ten,47,M,4,ec2,EE,25000,A
Employee,Five,47,M,2,W,EE,25000,A
Employee,Four,47,M,1,EF,EE,25000,A
Employee,Three,47,M,1,EE,EE,25000,A
Employee,One,47,M,1,EE,EE,25000,A
Employee,Six,47,M,2,EF,EE,25000,A
Employee,Two,47,M,1,EE,EE,25000,A
Employee,Eight,47,M,3,ES,EE,25000,A
Employee,Seven,47,M,2,W,EE,25000,A
Employee,Night,47,M,3,ES,EE,25000,A
Employee,Ten,47,M,4,ec2,EE,25000,A
Employee,Five,47,M,2,W,EE,25000,A
Employee,Four,47,M,1,EF,EE,25000,A
Employee,Three,47,M,1,EE,EE,25000,A
Employee,One,47,M,1,EE,EE,25000,A
Employee,Six,47,M,2,EF,EE,25000,A
Employee,Two,47,M,1,EE,EE,25000,A
Employee,Eight,47,M,3,ES,EE,25000,A
Employee,Seven,47,M,2,W,EE,25000,A
Employee,Night,47,M,3,ES,EE,25000,A
Employee,Ten,47,M,4,ec2,EE,25000,A
Employee,Five,47,M,2,W,EE,25000,A
Employee,Four,47,M,1,EF,EE,25000,A
Employee,Three,47,M,1,EE,EE,25000,A
Employee,One,47,M,1,EE,EE,25000,A
Employee,Six,47,M,2,EF,EE,25000,A
Employee,Two,47,M,1,EE,EE,25000,A
Employee,Eight,47,M,3,ES,EE,25000,A
Employee,Seven,47,M,2,W,EE,25000,A
Employee,Night,47,M,3,ES,EE,25000,A
Employee,Ten,47,M,4,ec2,EE,25000,A
Employee,Five,47,M,2,W,EE,25000,A
Employee,Four,47,M,1,EF,EE,25000,A
Employee,Three,47,M,1,EE,EE,25000,A
Employee,One,47,M,1,EE,EE,25000,A
Employee,Six,47,M,2,EF,EE,25000,A
Employee,Two,47,M,1,EE,EE,25000,A
Employee,Eight,47,M,3,ES,EE,25000,A
Employee,Seven,47,M,2,W,EE,25000,A
Employee,Night,47,M,3,ES,EE,25000,A
Employee,Ten,47,M,4,ec2,EE,25000,A
Employee,Five,47,M,2,W,EE,25000,A
Employee,Four,47,M,1,EF,EE,25000,A
Employee,Three,47,M,1,EE,EE,25000,A
Employee,One,47,M,1,EE,EE,25000,A
Employee,Six,47,M,2,EF,EE,25000,A
Employee,Two,47,M,1,EE,EE,25000,A
Employee,Eight,47,M,3,ES,EE,25000,A
Employee,Seven,47,M,2,W,EE,25000,A
Employee,Night,47,M,3,ES,EE,25000,A
Employee,Ten,47,M,4,ec2,EE,25000,A
Employee,Five,47,M,2,W,EE,25000,A
Employee,Four,47,M,1,EF,EE,25000,A
Employee,Three,47,M,1,EE,EE,25000,A
Employee,One,47,M,1,EE,EE,25000,A
Employee,Six,47,M,2,EF,EE,25000,A
Employee,Two,47,M,1,EE,EE,25000,A
Employee,Eight,47,M,3,ES,EE,25000,A
Employee,Seven,47,M,2,W,EE,25000,A
Employee,Night,47,M,3,ES,EE,25000,A
Employee,Ten,47,M,4,ec2,EE,25000,A
Employee,Five,47,M,2,W,EE,25000,A
Employee,Four,47,M,1,EF,EE,25000,A
Employee,Three,47,M,1,EE,EE,25000,A
Employee,One,47,M,1,EE,EE,25000,A
Employee,Six,47,M,2,EF,EE,25000,A
Employee,Two,47,M,1,EE,EE,25000,A
Employee,Eight,47,M,3,ES,EE,25000,A
Employee,Seven,47,M,2,W,EE,25000,A
Employee,Night,47,M,3,ES,EE,25000,A
Employee,Ten,47,M,4,ec2,EE,25000,A
Employee,Five,47,M,2,W,EE,25000,A
Employee,Four,47,M,1,EF,EE,25000,A
Employee,Three,47,M,1,EE,EE,25000,A
Employee,One,47,M,1,EE,EE,25000,A
Employee,Six,47,M,2,EF,EE,25000,A
Employee,Two,47,M,1,EE,EE,25000,A
Employee,Eight,47,M,3,ES,EE,25000,A
Employee,Seven,47,M,2,W,EE,25000,A
Employee,Night,47,M,3,ES,EE,25000,A
Employee,Ten,47,M,4,ec2,EE,25000,A
Employee,Five,47,M,2,W,EE,25000,A
Employee,Four,47,M,1,EF,EE,25000,A
Employee,Three,47,M,1,EE,EE,25000,A
Employee,One,47,M,1,EE,EE,25000,A
Employee,Six,47,M,2,EF,EE,25000,A
Employee,Two,47,M,1,EE,EE,25000,A
Employee,Eight,47,M,3,ES,EE,25000,A
Employee,Seven,47,M,2,W,EE,25000,A
Employee,Night,47,M,3,ES,EE,25000,A
Employee,Ten,47,M,4,ec2,EE,25000,A
Employee,Five,47,M,2,W,EE,25000,A
Employee,Four,47,M,1,EF,EE,25000,A
Employee,Three,47,M,1,EE,EE,25000,A
Employee,One,47,M,1,EE,EE,25000,A
Employee,Six,47,M,2,EF,EE,25000,A
Employee,Two,47,M,1,EE,EE,25000,A
Employee,Eight,47,M,3,ES,EE,25000,A
Employee,Seven,47,M,2,W,EE,25000,A
Employee,Night,47,M,3,ES,EE,25000,A
Employee,Ten,47,M,4,ec2,EE,25000,A
Employee,Five,47,M,2,W,EE,25000,A
Employee,Four,47,M,1,EF,EE,25000,A
Employee,Three,47,M,1,EE,EE,25000,A
Employee,One,47,M,1,EE,EE,25000,A
Employee,Six,47,M,2,EF,EE,25000,A
Employee,Two,47,M,1,EE,EE,25000,A
Employee,Eight,47,M,3,ES,EE,25000,A
Employee,Seven,47,M,2,W,EE,25000,A
Employee,Night,47,M,3,ES,EE,25000,A
Employee,Ten,47,M,4,ec2,EE,25000,A
Employee,Five,47,M,2,W,EE,25000,A
Employee,Four,47,M,1,EF,EE,25000,A
Employee,Three,47,M,1,EE,EE,25000,A
Employee,One,47,M,1,EE,EE,25000,A
Employee,Six,47,M,2,EF,EE,25000,A
Employee,Two,47,M,1,EE,EE,25000,A
Employee,Eight,47,M,3,ES,EE,25000,A
Employee,Seven,47,M,2,W,EE,25000,A
Employee,Night,47,M,3,ES,EE,25000,A
Employee,Ten,47,M,4,ec2,EE,25000,A
Employee,Five,47,M,2,W,EE,25000,A
Employee,Four,47,M,1,EF,EE,25000,A
Employee,Three,47,M,1,EE,EE,25000,A
Employee,One,47,M,1,EE,EE,25000,A
Employee,Six,47,M,2,EF,EE,25000,A
Employee,Two,47,M,1,EE,EE,25000,A
Employee,Eight,47,M,3,ES,EE,25000,A
Employee,Seven,47,M,2,W,EE,25000,A
Employee,Night,47,M,3,ES,EE,25000,A
Employee,Ten,47,M,4,ec2,EE,25000,A
Employee,Five,47,M,2,W,EE,25000,A
Employee,Four,47,M,1,EF,EE,25000,A
Employee,Three,47,M,1,EE,EE,25000,A
Employee,One,47,M,1,EE,EE,25000,A
Employee,Six,47,M,2,EF,EE,25000,A
Employee,Two,47,M,1,EE,EE,25000,A
Employee,Eight,47,M,3,ES,EE,25000,A
Employee,Seven,47,M,2,W,EE,25000,A
Employee,Night,47,M,3,ES,EE,25000,A
Employee,Ten,47,M,4,ec2,EE,25000,A
Employee,Five,47,M,2,W,EE,25000,A
Employee,Four,47,M,1,EF,EE,25000,A
Employee,Three,47,M,1,EE,EE,25000,A
Employee,One,47,M,1,EE,EE,25000,A
Employee,Six,47,M,2,EF,EE,25000,A
Employee,Two,47,M,1,EE,EE,25000,A
Employee,Eight,47,M,3,ES,EE,25000,A
Employee,Seven,47,M,2,W,EE,25000,A
Employee,Night,47,M,3,ES,EE,25000,A
Employee,Ten,47,M,4,ec2,EE,25000,A
Employee,Five,47,M,2,W,EE,25000,A
Employee,Four,47,M,1,EF,EE,25000,A
Employee,Three,47,M,1,EE,EE,25000,A
Employee,One,47,M,1,EE,EE,25000,A
Employee,Six,47,M,2,EF,EE,25000,A
Employee,Two,47,M,1,EE,EE,25000,A
Employee,Eight,47,M,3,ES,EE,25000,A
Employee,Seven,47,M,2,W,EE,25000,A
Employee,Night,47,M,3,ES,EE,25000,A
Employee,Ten,47,M,4,ec2,EE,25000,A
Employee,Five,47,M,2,W,EE,25000,A
Employee,Four,47,M,1,EF,EE,25000,A
Employee,Three,47,M,1,EE,EE,25000,A
Employee,One,47,M,1,EE,EE,25000,A
Employee,Six,47,M,2,EF,EE,25000,A
Employee,Two,47,M,1,EE,EE,25000,A
Employee,Eight,47,M,3,ES,EE,25000,A
Employee,Seven,47,M,2,W,EE,25000,A
Employee,Night,47,M,3,ES,EE,25000,A
Employee,Ten,47,M,4,ec2,EE,25000,A
Employee,Five,47,M,2,W,EE,25000,A
Employee,Four,47,M,1,EF,EE,25000,A
Employee,Three,47,M,1,EE,EE,25000,A
Employee,One,47,M,1,EE,EE,25000,A
Employee,Six,47,M,2,EF,EE,25000,A
Employee,Two,47,M,1,EE,EE,25000,A
Employee,Eight,47,M,3,ES,EE,25000,A
Employee,Seven,47,M,2,W,EE,25000,A
Employee,Night,47,M,3,ES,EE,25000,A
Employee,Ten,47,M,4,ec2,EE,25000,A
Employee,Five,47,M,2,W,EE,25000,A
Employee,Four,47,M,1,EF,EE,25000,A
Employee,Three,47,M,1,EE,EE,25000,A
Employee,One,47,M,1,EE,EE,25000,A
Employee,Six,47,M,2,EF,EE,25000,A
Employee,Two,47,M,1,EE,EE,25000,A
Employee,Eight,47,M,3,ES,EE,25000,A
Employee,Seven,47,M,2,W,EE,25000,A
Employee,Night,47,M,3,ES,EE,25000,A
Employee,Ten,47,M,4,ec2,EE,25000,A
Employee,Five,47,M,2,W,EE,25000,A
Employee,Four,47,M,1,EF,EE,25000,A
Employee,Three,47,M,1,EE,EE,25000,A
Employee,One,47,M,1,EE,EE,25000,A
Employee,Six,47,M,2,EF,EE,25000,A
Employee,Two,47,M,1,EE,EE,25000,A
Employee,Eight,47,M,3,ES,EE,25000,A
Employee,Seven,47,M,2,W,EE,25000,A
Employee,Night,47,M,3,ES,EE,25000,A
Employee,Ten,47,M,4,ec2,EE,25000,A
Employee,Five,47,M,2,W,EE,25000,A
Employee,Four,47,M,1,EF,EE,25000,A
Employee,Three,47,M,1,EE,EE,25000,A
Employee,One,47,M,1,EE,EE,25000,A
Employee,Six,47,M,2,EF,EE,25000,A
Employee,Two,47,M,1,EE,EE,25000,A
Employee,Eight,47,M,3,ES,EE,25000,A
Employee,Seven,47,M,2,W,EE,25000,A
Employee,Night,47,M,3,ES,EE,25000,A
Employee,Ten,47,M,4,ec2,EE,25000,A
Employee,Five,47,M,2,W,EE,25000,A
Employee,Four,47,M,1,EF,EE,25000,A
Employee,Three,47,M,1,EE,EE,25000,A
Employee,One,47,M,1,EE,EE,25000,A
Employee,Six,47,M,2,EF,EE,25000,A
Employee,Two,47,M,1,EE,EE,25000,A
Employee,Eight,47,M,3,ES,EE,25000,A
Employee,Seven,47,M,2,W,EE,25000,A
Employee,Night,47,M,3,ES,EE,25000,A
Employee,Ten,47,M,4,ec2,EE,25000,A
Employee,Five,47,M,2,W,EE,25000,A
Employee,Four,47,M,1,EF,EE,25000,A
Employee,Three,47,M,1,EE,EE,25000,A
Employee,One,47,M,1,EE,EE,25000,A
Employee,Six,47,M,2,EF,EE,25000,A
Employee,Two,47,M,1,EE,EE,25000,A
Employee,Eight,47,M,3,ES,EE,25000,A
Employee,Seven,47,M,2,W,EE,25000,A
Employee,Night,47,M,3,ES,EE,25000,A
Employee,Ten,47,M,4,ec2,EE,25000,A
Employee,Five,47,M,2,W,EE,25000,A
Employee,Four,47,M,1,EF,EE,25000,A
Employee,Three,47,M,1,EE,EE,25000,A
Employee,One,47,M,1,EE,EE,25000,A
Employee,Six,47,M,2,EF,EE,25000,A
Employee,Two,47,M,1,EE,EE,25000,A
Employee,Eight,47,M,3,ES,EE,25000,A
Employee,Seven,47,M,2,W,EE,25000,A
Employee,Night,47,M,3,ES,EE,25000,A
Employee,Ten,47,M,4,ec2,EE,25000,A
Employee,Five,47,M,2,W,EE,25000,A
Employee,Four,47,M,1,EF,EE,25000,A
Employee,Three,47,M,1,EE,EE,25000,A
Employee,One,47,M,1,EE,EE,25000,A
Employee,Six,47,M,2,EF,EE,25000,A
Employee,Two,47,M,1,EE,EE,25000,A
Employee,Eight,47,M,3,ES,EE,25000,A
Employee,Seven,47,M,2,W,EE,25000,A
Employee,Night,47,M,3,ES,EE,25000,A
Employee,Ten,47,M,4,ec2,EE,25000,A
Employee,Five,47,M,2,W,EE,25000,A
Employee,Four,47,M,1,EF,EE,25000,A
Employee,Three,47,M,1,EE,EE,25000,A
Employee,One,47,M,1,EE,EE,25000,A
Employee,Six,47,M,2,EF,EE,25000,A
Employee,Two,47,M,1,EE,EE,25000,A
Employee,Eight,47,M,3,ES,EE,25000,A
Employee,Seven,47,M,2,W,EE,25000,A
Employee,Night,47,M,3,ES,EE,25000,A
Employee,Ten,47,M,4,ec2,EE,25000,A
Employee,Five,47,M,2,W,EE,25000,A
Employee,Four,47,M,1,EF,EE,25000,A
Employee,Three,47,M,1,EE,EE,25000,A
Employee,One,47,M,1,EE,EE,25000,A
Employee,Six,47,M,2,EF,EE,25000,A
Employee,Two,47,M,1,EE,EE,25000,A
Employee,Eight,47,M,3,ES,EE,25000,A
Employee,Seven,47,M,2,W,EE,25000,A
Employee,Night,47,M,3,ES,EE,25000,A
Employee,Ten,47,M,4,ec2,EE,25000,A
Employee,Five,47,M,2,W,EE,25000,A
Employee,Four,47,M,1,EF,EE,25000,A
Employee,Three,47,M,1,EE,EE,25000,A
Employee,One,47,M,1,EE,EE,25000,A
Employee,Six,47,M,2,EF,EE,25000,A
Employee,Two,47,M,1,EE,EE,25000,A
Employee,Eight,47,M,3,ES,EE,25000,A
Employee,Seven,47,M,2,W,EE,25000,A
Employee,Night,47,M,3,ES,EE,25000,A
Employee,Ten,47,M,4,ec2,EE,25000,A
Employee,Five,47,M,2,W,EE,25000,A
Employee,Four,47,M,1,EF,EE,25000,A
Employee,Three,47,M,1,EE,EE,25000,A
Employee,One,47,M,1,EE,EE,25000,A
Employee,Six,47,M,2,EF,EE,25000,A
Employee,Two,47,M,1,EE,EE,25000,A
Employee,Eight,47,M,3,ES,EE,25000,A
Employee,Seven,47,M,2,W,EE,25000,A
Employee,Night,47,M,3,ES,EE,25000,A
Employee,Ten,47,M,4,ec2,EE,25000,A
Employee,Five,47,M,2,W,EE,25000,A
Employee,Four,47,M,1,EF,EE,25000,A
Employee,Three,47,M,1,EE,EE,25000,A
Employee,One,47,M,1,EE,EE,25000,A
Employee,Six,47,M,2,EF,EE,25000,A
Employee,Two,47,M,1,EE,EE,25000,A
Employee,Eight,47,M,3,ES,EE,25000,A
Employee,Seven,47,M,2,W,EE,25000,A
Employee,Night,47,M,3,ES,EE,25000,A
Employee,Ten,47,M,4,ec2,EE,25000,A
Employee,Five,47,M,2,W,EE,25000,A
Employee,Four,47,M,1,EF,EE,25000,A
Employee,Three,47,M,1,EE,EE,25000,A
Employee,One,47,M,1,EE,EE,25000,A
Employee,Six,47,M,2,EF,EE,25000,A
Employee,Two,47,M,1,EE,EE,25000,A
Employee,Eight,47,M,3,ES,EE,25000,A
Employee,Seven,47,M,2,W,EE,25000,A
Employee,Night,47,M,3,ES,EE,25000,A
Employee,Ten,47,M,4,ec2,EE,25000,A
Employee,Five,47,M,2,W,EE,25000,A
Employee,Four,47,M,1,EF,EE,25000,A
Employee,Three,47,M,1,EE,EE,25000,A
Employee,One,47,M,1,EE,EE,25000,A
Employee,Six,47,M,2,EF,EE,25000,A
Employee,Two,47,M,1,EE,EE,25000,A
Employee,Eight,47,M,3,ES,EE,25000,A
Employee,Seven,47,M,2,W,EE,25000,A
Employee,Night,47,M,3,ES,EE,25000,A
Employee,Ten,47,M,4,ec2,EE,25000,A
Employee,Five,47,M,2,W,EE,25000,A
Employee,Four,47,M,1,EF,EE,25000,A
Employee,Three,47,M,1,EE,EE,25000,A
Employee,One,47,M,1,EE,EE,25000,A
Employee,Six,47,M,2,EF,EE,25000,A
Employee,Two,47,M,1,EE,EE,25000,A
Employee,Eight,47,M,3,ES,EE,25000,A
Employee,Seven,47,M,2,W,EE,25000,A
Employee,Night,47,M,3,ES,EE,25000,A
Employee,Ten,47,M,4,ec2,EE,25000,A
Employee,Five,47,M,2,W,EE,25000,A
Employee,Four,47,M,1,EF,EE,25000,A
Employee,Three,47,M,1,EE,EE,25000,A
Employee,One,47,M,1,EE,EE,25000,A
Employee,Six,47,M,2,EF,EE,25000,A
Employee,Two,47,M,1,EE,EE,25000,A
Employee,Eight,47,M,3,ES,EE,25000,A
Employee,Seven,47,M,2,W,EE,25000,A
Employee,Night,47,M,3,ES,EE,25000,A
Employee,Ten,47,M,4,ec2,EE,25000,A
Employee,Five,47,M,2,W,EE,25000,A
Employee,Four,47,M,1,EF,EE,25000,A
Employee,Three,47,M,1,EE,EE,25000,A
Employee,One,47,M,1,EE,EE,25000,A
Employee,Six,47,M,2,EF,EE,25000,A
Employee,Two,47,M,1,EE,EE,25000,A
Employee,Eight,47,M,3,ES,EE,25000,A
Employee,Seven,47,M,2,W,EE,25000,A
Employee,Night,47,M,3,ES,EE,25000,A
Employee,Ten,47,M,4,ec2,EE,25000,A
Employee,Five,47,M,2,W,EE,25000,A
Employee,Four,47,M,1,EF,EE,25000,A
Employee,Three,47,M,1,EE,EE,25000,A
Employee,One,47,M,1,EE,EE,25000,A
Employee,Six,47,M,2,EF,EE,25000,A
Employee,Two,47,M,1,EE,EE,25000,A
Employee,Eight,47,M,3,ES,EE,25000,A
Employee,Seven,47,M,2,W,EE,25000,A
Employee,Night,47,M,3,ES,EE,25000,A
Employee,Ten,47,M,4,ec2,EE,25000,A
Employee,Five,47,M,2,W,EE,25000,A
Employee,Four,47,M,1,EF,EE,25000,A
Employee,Three,47,M,1,EE,EE,25000,A
Employee,One,47,M,1,EE,EE,25000,A
Employee,Six,47,M,2,EF,EE,25000,A
Employee,Two,47,M,1,EE,EE,25000,A
Employee,Eight,47,M,3,ES,EE,25000,A
Employee,Seven,47,M,2,W,EE,25000,A
Employee,Night,47,M,3,ES,EE,25000,A
Employee,Ten,47,M,4,ec2,EE,25000,A
Employee,Five,47,M,2,W,EE,25000,A
Employee,Four,47,M,1,EF,EE,25000,A
Employee,Three,47,M,1,EE,EE,25000,A
Employee,One,47,M,1,EE,EE,25000,A
Employee,Six,47,M,2,EF,EE,25000,A
Employee,Two,47,M,1,EE,EE,25000,A
Employee,Eight,47,M,3,ES,EE,25000,A
Employee,Seven,47,M,2,W,EE,25000,A
Employee,Night,47,M,3,ES,EE,25000,A
Employee,Ten,47,M,4,ec2,EE,25000,A
Employee,Five,47,M,2,W,EE,25000,A
Employee,Four,47,M,1,EF,EE,25000,A
Employee,Three,47,M,1,EE,EE,25000,A
Employee,One,47,M,1,EE,EE,25000,A
Employee,Six,47,M,2,EF,EE,25000,A
Employee,Two,47,M,1,EE,EE,25000,A
Employee,Eight,47,M,3,ES,EE,25000,A
Employee,Seven,47,M,2,W,EE,25000,A
Employee,Night,47,M,3,ES,EE,25000,A
Employee,Ten,47,M,4,ec2,EE,25000,A
Employee,Five,47,M,2,W,EE,25000,A
Employee,Four,47,M,1,EF,EE,25000,A
Employee,Three,47,M,1,EE,EE,25000,A
Employee,One,47,M,1,EE,EE,25000,A
Employee,Six,47,M,2,EF,EE,25000,A
Employee,Two,47,M,1,EE,EE,25000,A
Employee,Eight,47,M,3,ES,EE,25000,A
Employee,Seven,47,M,2,W,EE,25000,A
Employee,Night,47,M,3,ES,EE,25000,A
Employee,Ten,47,M,4,ec2,EE,25000,A
Employee,Five,47,M,2,W,EE,25000,A
Employee,Four,47,M,1,EF,EE,25000,A
Employee,Three,47,M,1,EE,EE,25000,A
Employee,One,47,M,1,EE,EE,25000,A
Employee,Six,47,M,2,EF,EE,25000,A
Employee,Two,47,M,1,EE,EE,25000,A
Employee,Eight,47,M,3,ES,EE,25000,A
Employee,Seven,47,M,2,W,EE,25000,A
Employee,Night,47,M,3,ES,EE,25000,A
Employee,Ten,47,M,4,ec2,EE,25000,A
Employee,Five,47,M,2,W,EE,25000,A
Employee,Four,47,M,1,EF,EE,25000,A
Employee,Three,47,M,1,EE,EE,25000,A
Employee,One,47,M,1,EE,EE,25000,A
Employee,Six,47,M,2,EF,EE,25000,A
Employee,Two,47,M,1,EE,EE,25000,A
Employee,Eight,47,M,3,ES,EE,25000,A
Employee,Seven,47,M,2,W,EE,25000,A
Employee,Night,47,M,3,ES,EE,25000,A
Employee,Ten,47,M,4,ec2,EE,25000,A
Employee,Five,47,M,2,W,EE,25000,A
Employee,Four,47,M,1,EF,EE,25000,A
Employee,Three,47,M,1,EE,EE,25000,A
Employee,One,47,M,1,EE,EE,25000,A
Employee,Six,47,M,2,EF,EE,25000,A
Employee,Two,47,M,1,EE,EE,25000,A
Employee,Eight,47,M,3,ES,EE,25000,A
Employee,Seven,47,M,2,W,EE,25000,A
Employee,Night,47,M,3,ES,EE,25000,A
Employee,Ten,47,M,4,ec2,EE,25000,A
Employee,Five,47,M,2,W,EE,25000,A
Employee,Four,47,M,1,EF,EE,25000,A
Employee,Three,47,M,1,EE,EE,25000,A
Employee,One,47,M,1,EE,EE,25000,A
Employee,Six,47,M,2,EF,EE,25000,A
Employee,Two,47,M,1,EE,EE,25000,A
Employee,Eight,47,M,3,ES,EE,25000,A
Employee,Seven,47,M,2,W,EE,25000,A
Employee,Night,47,M,3,ES,EE,25000,A
Employee,Ten,47,M,4,ec2,EE,25000,A
Employee,Five,47,M,2,W,EE,25000,A
Employee,Four,47,M,1,EF,EE,25000,A
Employee,Three,47,M,1,EE,EE,25000,A
Employee,One,47,M,1,EE,EE,25000,A
Employee,Six,47,M,2,EF,EE,25000,A
Employee,Two,47,M,1,EE,EE,25000,A
Employee,Eight,47,M,3,ES,EE,25000,A
Employee,Seven,47,M,2,W,EE,25000,A
Employee,Night,47,M,3,ES,EE,25000,A
Employee,Ten,47,M,4,ec2,EE,25000,A
Employee,Five,47,M,2,W,EE,25000,A
Employee,Four,47,M,1,EF,EE,25000,A
Employee,Three,47,M,1,EE,EE,25000,A
Employee,One,47,M,1,EE,EE,25000,A
Employee,Six,47,M,2,EF,EE,25000,A
Employee,Two,47,M,1,EE,EE,25000,A
Employee,Eight,47,M,3,ES,EE,25000,A
Employee,Seven,47,M,2,W,EE,25000,A
Employee,Night,47,M,3,ES,EE,25000,A
Employee,Ten,47,M,4,ec2,EE,25000,A
Employee,Five,47,M,2,W,EE,25000,A
Employee,Four,47,M,1,EF,EE,25000,A
Employee,Three,47,M,1,EE,EE,25000,A
Employee,One,47,M,1,EE,EE,25000,A
Employee,Six,47,M,2,EF,EE,25000,A
Employee,Two,47,M,1,EE,EE,25000,A
Employee,Eight,47,M,3,ES,EE,25000,A
Employee,Seven,47,M,2,W,EE,25000,A
Employee,Night,47,M,3,ES,EE,25000,A
Employee,Ten,47,M,4,ec2,EE,25000,A
Employee,Five,47,M,2,W,EE,25000,A
Employee,Four,47,M,1,EF,EE,25000,A
Employee,Three,47,M,1,EE,EE,25000,A
Employee,One,47,M,1,EE,EE,25000,A
Employee,Six,47,M,2,EF,EE,25000,A
Employee,Two,47,M,1,EE,EE,25000,A
Employee,Eight,47,M,3,ES,EE,25000,A
Employee,Seven,47,M,2,W,EE,25000,A
Employee,Night,47,M,3,ES,EE,25000,A
Employee,Ten,47,M,4,ec2,EE,25000,A
Employee,Five,47,M,2,W,EE,25000,A
Employee,Four,47,M,1,EF,EE,25000,A
Employee,Three,47,M,1,EE,EE,25000,A
Employee,One,47,M,1,EE,EE,25000,A
Employee,Six,47,M,2,EF,EE,25000,A
Employee,Two,47,M,1,EE,EE,25000,A
Employee,Eight,47,M,3,ES,EE,25000,A
Employee,Seven,47,M,2,W,EE,25000,A
Employee,Night,47,M,3,ES,EE,25000,A
Employee,Ten,47,M,4,ec2,EE,25000,A
Employee,Five,47,M,2,W,EE,25000,A
Employee,Four,47,M,1,EF,EE,25000,A
Employee,Three,47,M,1,EE,EE,25000,A
Employee,One,47,M,1,EE,EE,25000,A
Employee,Six,47,M,2,EF,EE,25000,A
Employee,Two,47,M,1,EE,EE,25000,A
Employee,Eight,47,M,3,ES,EE,25000,A
Employee,Seven,47,M,2,W,EE,25000,A
Employee,Night,47,M,3,ES,EE,25000,A
Employee,Ten,47,M,4,ec2,EE,25000,A
Employee,Five,47,M,2,W,EE,25000,A
Employee,Four,47,M,1,EF,EE,25000,A
Employee,Three,47,M,1,EE,EE,25000,A
Employee,One,47,M,1,EE,EE,25000,A
Employee,Six,47,M,2,EF,EE,25000,A
Employee,Two,47,M,1,EE,EE,25000,A
Employee,Eight,47,M,3,ES,EE,25000,A
Employee,Seven,47,M,2,W,EE,25000,A
Employee,Night,47,M,3,ES,EE,25000,A
Employee,Ten,47,M,4,ec2,EE,25000,A
Employee,Five,47,M,2,W,EE,25000,A
Employee,Four,47,M,1,EF,EE,25000,A
Employee,Three,47,M,1,EE,EE,25000,A
Employee,One,47,M,1,EE,EE,25000,A
Employee,Six,47,M,2,EF,EE,25000,A
Employee,Two,47,M,1,EE,EE,25000,A
Employee,Eight,47,M,3,ES,EE,25000,A
Employee,Seven,47,M,2,W,EE,25000,A
Employee,Night,47,M,3,ES,EE,25000,A
Employee,Ten,47,M,4,ec2,EE,25000,A
Employee,Five,47,M,2,W,EE,25000,A
Employee,Four,47,M,1,EF,EE,25000,A
Employee,Three,47,M,1,EE,EE,25000,A
Employee,One,47,M,1,EE,EE,25000,A
Employee,Six,47,M,2,EF,EE,25000,A
Employee,Two,47,M,1,EE,EE,25000,A
Employee,Eight,47,M,3,ES,EE,25000,A
Employee,Seven,47,M,2,W,EE,25000,A
Employee,Night,47,M,3,ES,EE,25000,A
Employee,Ten,47,M,4,ec2,EE,25000,A
Employee,Five,47,M,2,W,EE,25000,A
Employee,Four,47,M,1,EF,EE,25000,A
Employee,Three,47,M,1,EE,EE,25000,A
Employee,One,47,M,1,EE,EE,25000,A
Employee,Six,47,M,2,EF,EE,25000,A
Employee,Two,47,M,1,EE,EE,25000,A
Employee,Eight,47,M,3,ES,EE,25000,A
Employee,Seven,47,M,2,W,EE,25000,A
Employee,Night,47,M,3,ES,EE,25000,A
Employee,Ten,47,M,4,ec2,EE,25000,A
Employee,Five,47,M,2,W,EE,25000,A
Employee,Four,47,M,1,EF,EE,25000,A
Employee,Three,47,M,1,EE,EE,25000,A
Employee,One,47,M,1,EE,EE,25000,A
Employee,Six,47,M,2,EF,EE,25000,A
Employee,Two,47,M,1,EE,EE,25000,A
Employee,Eight,47,M,3,ES,EE,25000,A
Employee,Seven,47,M,2,W,EE,25000,A
Employee,Night,47,M,3,ES,EE,25000,A
Employee,Ten,47,M,4,ec2,EE,25000,A
Employee,Five,47,M,2,W,EE,25000,A
Employee,Four,47,M,1,EF,EE,25000,A
Employee,Three,47,M,1,EE,EE,25000,A
Employee,One,47,M,1,EE,EE,25000,A
Employee,Six,47,M,2,EF,EE,25000,A
Employee,Two,47,M,1,EE,EE,25000,A
Employee,Eight,47,M,3,ES,EE,25000,A
Employee,Seven,47,M,2,W,EE,25000,A
Employee,Night,47,M,3,ES,EE,25000,A
Employee,Ten,47,M,4,ec2,EE,25000,A
Employee,Five,47,M,2,W,EE,25000,A
Employee,Four,47,M,1,EF,EE,25000,A
Employee,Three,47,M,1,EE,EE,25000,A
Employee,One,47,M,1,EE,EE,25000,A
Employee,Six,47,M,2,EF,EE,25000,A
Employee,Two,47,M,1,EE,EE,25000,A
Employee,Eight,47,M,3,ES,EE,25000,A
Employee,Seven,47,M,2,W,EE,25000,A
Employee,Night,47,M,3,ES,EE,25000,A
Employee,Ten,47,M,4,ec2,EE,25000,A
Employee,Five,47,M,2,W,EE,25000,A
Employee,Four,47,M,1,EF,EE,25000,A
Employee,Three,47,M,1,EE,EE,25000,A
Employee,One,47,M,1,EE,EE,25000,A
Employee,Six,47,M,2,EF,EE,25000,A
Employee,Two,47,M,1,EE,EE,25000,A
Employee,Eight,47,M,3,ES,EE,25000,A
Employee,Seven,47,M,2,W,EE,25000,A
Employee,Night,47,M,3,ES,EE,25000,A
Employee,Ten,47,M,4,ec2,EE,25000,A
Employee,Five,47,M,2,W,EE,25000,A
Employee,Four,47,M,1,EF,EE,25000,A
Employee,Three,47,M,1,EE,EE,25000,A
Employee,One,47,M,1,EE,EE,25000,A
Employee,Six,47,M,2,EF,EE,25000,A
Employee,Two,47,M,1,EE,EE,25000,A
Employee,Eight,47,M,3,ES,EE,25000,A
Employee,Seven,47,M,2,W,EE,25000,A
Employee,Night,47,M,3,ES,EE,25000,A
Employee,Ten,47,M,4,ec2,EE,25000,A
Employee,Five,47,M,2,W,EE,25000,A
Employee,Four,47,M,1,EF,EE,25000,A
Employee,Three,47,M,1,EE,EE,25000,A
Employee,One,47,M,1,EE,EE,25000,A
Employee,Six,47,M,2,EF,EE,25000,A
Employee,Two,47,M,1,EE,EE,25000,A
Employee,Eight,47,M,3,ES,EE,25000,A
Employee,Seven,47,M,2,W,EE,25000,A
Employee,Night,47,M,3,ES,EE,25000,A
Employee,Ten,47,M,4,ec2,EE,25000,A
Employee,Five,47,M,2,W,EE,25000,A
Employee,Four,47,M,1,EF,EE,25000,A
Employee,Three,47,M,1,EE,EE,25000,A
Employee,One,47,M,1,EE,EE,25000,A
Employee,Six,47,M,2,EF,EE,25000,A
Employee,Two,47,M,1,EE,EE,25000,A
Employee,Eight,47,M,3,ES,EE,25000,A
Employee,Seven,47,M,2,W,EE,25000,A
Employee,Night,47,M,3,ES,EE,25000,A
Employee,Ten,47,M,4,ec2,EE,25000,A
Employee,Five,47,M,2,W,EE,25000,A
Employee,Four,47,M,1,EF,EE,25000,A
Employee,Three,47,M,1,EE,EE,25000,A
Employee,One,47,M,1,EE,EE,25000,A
Employee,Six,47,M,2,EF,EE,25000,A
Employee,Two,47,M,1,EE,EE,25000,A
Employee,Eight,47,M,3,ES,EE,25000,A
Employee,Seven,47,M,2,W,EE,25000,A
Employee,Night,47,M,3,ES,EE,25000,A
Employee,Ten,47,M,4,ec2,EE,25000,A
Employee,Five,47,M,2,W,EE,25000,A
Employee,Four,47,M,1,EF,EE,25000,A
Employee,Three,47,M,1,EE,EE,25000,A
Employee,One,47,M,1,EE,EE,25000,A
Employee,Six,47,M,2,EF,EE,25000,A
Employee,Two,47,M,1,EE,EE,25000,A
Employee,Eight,47,M,3,ES,EE,25000,A
Employee,Seven,47,M,2,W,EE,25000,A
Employee,Night,47,M,3,ES,EE,25000,A
Employee,Ten,47,M,4,ec2,EE,25000,A
Employee,Five,47,M,2,W,EE,25000,A
Employee,Four,47,M,1,EF,EE,25000,A
Employee,Three,47,M,1,EE,EE,25000,A
Employee,One,47,M,1,EE,EE,25000,A
Employee,Six,47,M,2,EF,EE,25000,A
Employee,Two,47,M,1,EE,EE,25000,A
Employee,Eight,47,M,3,ES,EE,25000,A
Employee,Seven,47,M,2,W,EE,25000,A
Employee,Night,47,M,3,ES,EE,25000,A
Employee,Ten,47,M,4,ec2,EE,25000,A
Employee,Five,47,M,2,W,EE,25000,A
Employee,Four,47,M,1,EF,EE,25000,A
Employee,Three,47,M,1,EE,EE,25000,A
Employee,One,47,M,1,EE,EE,25000,A
Employee,Six,47,M,2,EF,EE,25000,A
Employee,Two,47,M,1,EE,EE,25000,A
Employee,Eight,47,M,3,ES,EE,25000,A
Employee,Seven,47,M,2,W,EE,25000,A
Employee,Night,47,M,3,ES,EE,25000,A
Employee,Ten,47,M,4,ec2,EE,25000,A
Employee,Five,47,M,2,W,EE,25000,A
Employee,Four,47,M,1,EF,EE,25000,A
Employee,Three,47,M,1,EE,EE,25000,A
Employee,One,47,M,1,EE,EE,25000,A
Employee,Six,47,M,2,EF,EE,25000,A
Employee,Two,47,M,1,EE,EE,25000,A
Employee,Eight,47,M,3,ES,EE,25000,A
Employee,Seven,47,M,2,W,EE,25000,A
Employee,Night,47,M,3,ES,EE,25000,A
Employee,Ten,47,M,4,ec2,EE,25000,A
Employee,Five,47,M,2,W,EE,25000,A
Employee,Four,47,M,1,EF,EE,25000,A
Employee,Three,47,M,1,EE,EE,25000,A
Employee,One,47,M,1,EE,EE,25000,A
Employee,Six,47,M,2,EF,EE,25000,A
Employee,Two,47,M,1,EE,EE,25000,A
Employee,Eight,47,M,3,ES,EE,25000,A
Employee,Seven,47,M,2,W,EE,25000,A
Employee,Night,47,M,3,ES,EE,25000,A
Employee,Ten,47,M,4,ec2,EE,25000,A
Employee,Five,47,M,2,W,EE,25000,A
Employee,Four,47,M,1,EF,EE,25000,A
Employee,Three,47,M,1,EE,EE,25000,A
Employee,One,47,M,1,EE,EE,25000,A
Employee,Six,47,M,2,EF,EE,25000,A
Employee,Two,47,M,1,EE,EE,25000,A
Employee,Eight,47,M,3,ES,EE,25000,A
Employee,Seven,47,M,2,W,EE,25000,A
Employee,Night,47,M,3,ES,EE,25000,A
Employee,Ten,47,M,4,ec2,EE,25000,A
Employee,Five,47,M,2,W,EE,25000,A
Employee,Four,47,M,1,EF,EE,25000,A
Employee,Three,47,M,1,EE,EE,25000,A
Employee,One,47,M,1,EE,EE,25000,A
Employee,Six,47,M,2,EF,EE,25000,A
Employee,Two,47,M,1,EE,EE,25000,A
Employee,Eight,47,M,3,ES,EE,25000,A
Employee,Seven,47,M,2,W,EE,25000,A
Employee,Night,47,M,3,ES,EE,25000,A
Employee,Ten,47,M,4,ec2,EE,25000,A
Employee,Five,47,M,2,W,EE,25000,A
Employee,Four,47,M,1,EF,EE,25000,A
Employee,Three,47,M,1,EE,EE,25000,A
Employee,One,47,M,1,EE,EE,25000,A
Employee,Six,47,M,2,EF,EE,25000,A
Employee,Two,47,M,1,EE,EE,25000,A
Employee,Eight,47,M,3,ES,EE,25000,A
Employee,Seven,47,M,2,W,EE,25000,A
Employee,Night,47,M,3,ES,EE,25000,A
Employee,Ten,47,M,4,ec2,EE,25000,A
Employee,Five,47,M,2,W,EE,25000,A
Employee,Four,47,M,1,EF,EE,25000,A
Employee,Three,47,M,1,EE,EE,25000,A
Employee,One,47,M,1,EE,EE,25000,A
Employee,Six,47,M,2,EF,EE,25000,A
Employee,Two,47,M,1,EE,EE,25000,A
Employee,Eight,47,M,3,ES,EE,25000,A
Employee,Seven,47,M,2,W,EE,25000,A
Employee,Night,47,M,3,ES,EE,25000,A
Employee,Ten,47,M,4,ec2,EE,25000,A
Employee,Five,47,M,2,W,EE,25000,A
Employee,Four,47,M,1,EF,EE,25000,A
Employee,Three,47,M,1,EE,EE,25000,A
Employee,One,47,M,1,EE,EE,25000,A
Employee,Six,47,M,2,EF,EE,25000,A
Employee,Two,47,M,1,EE,EE,25000,A
Employee,Eight,47,M,3,ES,EE,25000,A
Employee,Seven,47,M,2,W,EE,25000,A
Employee,Night,47,M,3,ES,EE,25000,A
Employee,Ten,47,M,4,ec2,EE,25000,A
Employee,Five,47,M,2,W,EE,25000,A
Employee,Four,47,M,1,EF,EE,25000,A
Employee,Three,47,M,1,EE,EE,25000,A
Employee,One,47,M,1,EE,EE,25000,A
Employee,Six,47,M,2,EF,EE,25000,A
Employee,Two,47,M,1,EE,EE,25000,A
Employee,Eight,47,M,3,ES,EE,25000,A
Employee,Seven,47,M,2,W,EE,25000,A
Employee,Night,47,M,3,ES,EE,25000,A
Employee,Ten,47,M,4,ec2,EE,25000,A
Employee,Five,47,M,2,W,EE,25000,A
Employee,Four,47,M,1,EF,EE,25000,A
Employee,Three,47,M,1,EE,EE,25000,A
Employee,One,47,M,1,EE,EE,25000,A
Employee,Six,47,M,2,EF,EE,25000,A
Employee,Two,47,M,1,EE,EE,25000,A
Employee,Eight,47,M,3,ES,EE,25000,A
Employee,Seven,47,M,2,W,EE,25000,A
Employee,Night,47,M,3,ES,EE,25000,A
Employee,Ten,47,M,4,ec2,EE,25000,A
Employee,Five,47,M,2,W,EE,25000,A
Employee,Four,47,M,1,EF,EE,25000,A
Employee,Three,47,M,1,EE,EE,25000,A
Employee,One,47,M,1,EE,EE,25000,A
Employee,Six,47,M,2,EF,EE,25000,A
Employee,Two,47,M,1,EE,EE,25000,A
Employee,Eight,47,M,3,ES,EE,25000,A
Employee,Seven,47,M,2,W,EE,25000,A
Employee,Night,47,M,3,ES,EE,25000,A
Employee,Ten,47,M,4,ec2,EE,25000,A
Employee,Five,47,M,2,W,EE,25000,A
Employee,Four,47,M,1,EF,EE,25000,A
Employee,Three,47,M,1,EE,EE,25000,A
Employee,One,47,M,1,EE,EE,25000,A
Employee,Six,47,M,2,EF,EE,25000,A
Employee,Two,47,M,1,EE,EE,25000,A
Employee,Eight,47,M,3,ES,EE,25000,A
Employee,Seven,47,M,2,W,EE,25000,A
Employee,Night,47,M,3,ES,EE,25000,A
Employee,Ten,47,M,4,ec2,EE,25000,A
Employee,Five,47,M,2,W,EE,25000,A
Employee,Four,47,M,1,EF,EE,25000,A
Employee,Three,47,M,1,EE,EE,25000,A
Employee,One,47,M,1,EE,EE,25000,A
Employee,Six,47,M,2,EF,EE,25000,A
Employee,Two,47,M,1,EE,EE,25000,A
Employee,Eight,47,M,3,ES,EE,25000,A
Employee,Seven,47,M,2,W,EE,25000,A
Employee,Night,47,M,3,ES,EE,25000,A
Employee,Ten,47,M,4,ec2,EE,25000,A
Employee,Five,47,M,2,W,EE,25000,A
Employee,Four,47,M,1,EF,EE,25000,A
Employee,Three,47,M,1,EE,EE,25000,A
Employee,One,47,M,1,EE,EE,25000,A
Employee,Six,47,M,2,EF,EE,25000,A
Employee,Two,47,M,1,EE,EE,25000,A
Employee,Eight,47,M,3,ES,EE,25000,A
Employee,Seven,47,M,2,W,EE,25000,A
Employee,Night,47,M,3,ES,EE,25000,A
Employee,Ten,47,M,4,ec2,EE,25000,A
Employee,Five,47,M,2,W,EE,25000,A
Employee,Four,47,M,1,EF,EE,25000,A
Employee,Three,47,M,1,EE,EE,25000,A
Employee,One,47,M,1,EE,EE,25000,A
Employee,Six,47,M,2,EF,EE,25000,A
Employee,Two,47,M,1,EE,EE,25000,A
Employee,Eight,47,M,3,ES,EE,25000,A
Employee,Seven,47,M,2,W,EE,25000,A
Employee,Night,47,M,3,ES,EE,25000,A
Employee,Ten,47,M,4,ec2,EE,25000,A
Employee,Five,47,M,2,W,EE,25000,A
Employee,Four,47,M,1,EF,EE,25000,A
Employee,Three,47,M,1,EE,EE,25000,A
Employee,One,47,M,1,EE,EE,25000,A
Employee,Six,47,M,2,EF,EE,25000,A
Employee,Two,47,M,1,EE,EE,25000,A
Employee,Eight,47,M,3,ES,EE,25000,A
Employee,Seven,47,M,2,W,EE,25000,A
Employee,Night,47,M,3,ES,EE,25000,A
Employee,Ten,47,M,4,ec2,EE,25000,A
Employee,Five,47,M,2,W,EE,25000,A
Employee,Four,47,M,1,EF,EE,25000,A
Employee,Three,47,M,1,EE,EE,25000,A
Employee,One,47,M,1,EE,EE,25000,A
Employee,Six,47,M,2,EF,EE,25000,A
Employee,Two,47,M,1,EE,EE,25000,A
Employee,Eight,47,M,3,ES,EE,25000,A
Employee,Seven,47,M,2,W,EE,25000,A
Employee,Night,47,M,3,ES,EE,25000,A
Employee,Ten,47,M,4,ec2,EE,25000,A
Employee,Five,47,M,2,W,EE,25000,A
Employee,Four,47,M,1,EF,EE,25000,A
Employee,Three,47,M,1,EE,EE,25000,A
Employee,One,47,M,1,EE,EE,25000,A
Employee,Six,47,M,2,EF,EE,25000,A
Employee,Two,47,M,1,EE,EE,25000,A
Employee,Eight,47,M,3,ES,EE,25000,A
Employee,Seven,47,M,2,W,EE,25000,A
Employee,Night,47,M,3,ES,EE,25000,A
Employee,Ten,47,M,4,ec2,EE,25000,A
Employee,Five,47,M,2,W,EE,25000,A
Employee,Four,47,M,1,EF,EE,25000,A
Employee,Three,47,M,1,EE,EE,25000,A
Employee,One,47,M,1,EE,EE,25000,A
Employee,Six,47,M,2,EF,EE,25000,A
Employee,Two,47,M,1,EE,EE,25000,A
Employee,Eight,47,M,3,ES,EE,25000,A
Employee,Seven,47,M,2,W,EE,25000,A
Employee,Night,47,M,3,ES,EE,25000,A
Employee,Ten,47,M,4,ec2,EE,25000,A
Employee,Five,47,M,2,W,EE,25000,A
Employee,Four,47,M,1,EF,EE,25000,A
Employee,Three,47,M,1,EE,EE,25000,A
Employee,One,47,M,1,EE,EE,25000,A
Employee,Six,47,M,2,EF,EE,25000,A
Employee,Two,47,M,1,EE,EE,25000,A
Employee,Eight,47,M,3,ES,EE,25000,A
Employee,Seven,47,M,2,W,EE,25000,A
Employee,Night,47,M,3,ES,EE,25000,A
Employee,Ten,47,M,4,ec2,EE,25000,A
Employee,Five,47,M,2,W,EE,25000,A
Employee,Four,47,M,1,EF,EE,25000,A
Employee,Three,47,M,1,EE,EE,25000,A
Employee,One,47,M,1,EE,EE,25000,A
Employee,Six,47,M,2,EF,EE,25000,A
Employee,Two,47,M,1,EE,EE,25000,A
Employee,Eight,47,M,3,ES,EE,25000,A
Employee,Seven,47,M,2,W,EE,25000,A
Employee,Night,47,M,3,ES,EE,25000,A
Employee,Ten,47,M,4,ec2,EE,25000,A
Employee,Five,47,M,2,W,EE,25000,A
Employee,Four,47,M,1,EF,EE,25000,A
Employee,Three,47,M,1,EE,EE,25000,A
Employee,One,47,M,1,EE,EE,25000,A
Employee,Six,47,M,2,EF,EE,25000,A
Employee,Two,47,M,1,EE,EE,25000,A
Employee,Eight,47,M,3,ES,EE,25000,A
Employee,Seven,47,M,2,W,EE,25000,A
Employee,Night,47,M,3,ES,EE,25000,A
Employee,Ten,47,M,4,ec2,EE,25000,A
Employee,Five,47,M,2,W,EE,25000,A
Employee,Four,47,M,1,EF,EE,25000,A
Employee,Three,47,M,1,EE,EE,25000,A
Employee,One,47,M,1,EE,EE,25000,A
Employee,Six,47,M,2,EF,EE,25000,A
Employee,Two,47,M,1,EE,EE,25000,A
Employee,Eight,47,M,3,ES,EE,25000,A
Employee,Seven,47,M,2,W,EE,25000,A
Employee,Night,47,M,3,ES,EE,25000,A
Employee,Ten,47,M,4,ec2,EE,25000,A
Employee,Five,47,M,2,W,EE,25000,A
Employee,Four,47,M,1,EF,EE,25000,A
Employee,Three,47,M,1,EE,EE,25000,A
Employee,One,47,M,1,EE,EE,25000,A
Employee,Six,47,M,2,EF,EE,25000,A
Employee,Two,47,M,1,EE,EE,25000,A
Employee,Eight,47,M,3,ES,EE,25000,A
Employee,Seven,47,M,2,W,EE,25000,A
Employee,Night,47,M,3,ES,EE,25000,A
Employee,Ten,47,M,4,ec2,EE,25000,A
Employee,Five,47,M,2,W,EE,25000,A
Employee,Four,47,M,1,EF,EE,25000,A
Employee,Three,47,M,1,EE,EE,25000,A
Employee,One,47,M,1,EE,EE,25000,A
Employee,Six,47,M,2,EF,EE,25000,A
Employee,Two,47,M,1,EE,EE,25000,A
Employee,Eight,47,M,3,ES,EE,25000,A
Employee,Seven,47,M,2,W,EE,25000,A
Employee,Night,47,M,3,ES,EE,25000,A
Employee,Ten,47,M,4,ec2,EE,25000,A
Employee,Five,47,M,2,W,EE,25000,A
Employee,Four,47,M,1,EF,EE,25000,A
Employee,Three,47,M,1,EE,EE,25000,A
Employee,One,47,M,1,EE,EE,25000,A
Employee,Six,47,M,2,EF,EE,25000,A
Employee,Two,47,M,1,EE,EE,25000,A
Employee,Eight,47,M,3,ES,EE,25000,A
Employee,Seven,47,M,2,W,EE,25000,A
Employee,Night,47,M,3,ES,EE,25000,A
Employee,Ten,47,M,4,ec2,EE,25000,A
Employee,Five,47,M,2,W,EE,25000,A
Employee,Four,47,M,1,EF,EE,25000,A
Employee,Three,47,M,1,EE,EE,25000,A
Employee,One,47,M,1,EE,EE,25000,A
Employee,Six,47,M,2,EF,EE,25000,A
Employee,Two,47,M,1,EE,EE,25000,A
Employee,Eight,47,M,3,ES,EE,25000,A
Employee,Seven,47,M,2,W,EE,25000,A
Employee,Night,47,M,3,ES,EE,25000,A
Employee,Ten,47,M,4,ec2,EE,25000,A
Employee,Five,47,M,2,W,EE,25000,A
Employee,Four,47,M,1,EF,EE,25000,A
Employee,Three,47,M,1,EE,EE,25000,A
Employee,One,47,M,1,EE,EE,25000,A
Employee,Six,47,M,2,EF,EE,25000,A
Employee,Two,47,M,1,EE,EE,25000,A
Employee,Eight,47,M,3,ES,EE,25000,A
Employee,Seven,47,M,2,W,EE,25000,A
Employee,Night,47,M,3,ES,EE,25000,A
Employee,Ten,47,M,4,ec2,EE,25000,A
Employee,Five,47,M,2,W,EE,25000,A
Employee,Four,47,M,1,EF,EE,25000,A
Employee,Three,47,M,1,EE,EE,25000,A
Employee,One,47,M,1,EE,EE,25000,A
Employee,Six,47,M,2,EF,EE,25000,A
Employee,Two,47,M,1,EE,EE,25000,A
Employee,Eight,47,M,3,ES,EE,25000,A
Employee,Seven,47,M,2,W,EE,25000,A
Employee,Night,47,M,3,ES,EE,25000,A
Employee,Ten,47,M,4,ec2,EE,25000,A
Employee,Five,47,M,2,W,EE,25000,A
Employee,Four,47,M,1,EF,EE,25000,A
Employee,Three,47,M,1,EE,EE,25000,A
Employee,One,47,M,1,EE,EE,25000,A
Employee,Six,47,M,2,EF,EE,25000,A
Employee,Two,47,M,1,EE,EE,25000,A
Employee,Eight,47,M,3,ES,EE,25000,A
Employee,Seven,47,M,2,W,EE,25000,A
Employee,Night,47,M,3,ES,EE,25000,A
Employee,Ten,47,M,4,ec2,EE,25000,A
Employee,Five,47,M,2,W,EE,25000,A
Employee,Four,47,M,1,EF,EE,25000,A
Employee,Three,47,M,1,EE,EE,25000,A
Employee,One,47,M,1,EE,EE,25000,A
Employee,Six,47,M,2,EF,EE,25000,A
Employee,Two,47,M,1,EE,EE,25000,A
Employee,Eight,47,M,3,ES,EE,25000,A
Employee,Seven,47,M,2,W,EE,25000,A
Employee,Night,47,M,3,ES,EE,25000,A
Employee,Ten,47,M,4,ec2,EE,25000,A
Employee,Five,47,M,2,W,EE,25000,A
Employee,Four,47,M,1,EF,EE,25000,A
Employee,Three,47,M,1,EE,EE,25000,A
Employee,One,47,M,1,EE,EE,25000,A
Employee,Six,47,M,2,EF,EE,25000,A
Employee,Two,47,M,1,EE,EE,25000,A
Employee,Eight,47,M,3,ES,EE,25000,A
Employee,Seven,47,M,2,W,EE,25000,A
Employee,Night,47,M,3,ES,EE,25000,A
Employee,Ten,47,M,4,ec2,EE,25000,A
Employee,Five,47,M,2,W,EE,25000,A
Employee,Four,47,M,1,EF,EE,25000,A
Employee,Three,47,M,1,EE,EE,25000,A
Employee,One,47,M,1,EE,EE,25000,A
Employee,Six,47,M,2,EF,EE,25000,A
Employee,Two,47,M,1,EE,EE,25000,A
Employee,Eight,47,M,3,ES,EE,25000,A
Employee,Seven,47,M,2,W,EE,25000,A
Employee,Night,47,M,3,ES,EE,25000,A
Employee,Ten,47,M,4,ec2,EE,25000,A
Employee,Five,47,M,2,W,EE,25000,A
Employee,Four,47,M,1,EF,EE,25000,A
Employee,Three,47,M,1,EE,EE,25000,A
Employee,One,47,M,1,EE,EE,25000,A
Employee,Six,47,M,2,EF,EE,25000,A
Employee,Two,47,M,1,EE,EE,25000,A
Employee,Eight,47,M,3,ES,EE,25000,A
Employee,Seven,47,M,2,W,EE,25000,A
Employee,Night,47,M,3,ES,EE,25000,A
Employee,Ten,47,M,4,ec2,EE,25000,A
Employee,Five,47,M,2,W,EE,25000,A
Employee,Four,47,M,1,EF,EE,25000,A
Employee,Three,47,M,1,EE,EE,25000,A
Employee,One,47,M,1,EE,EE,25000,A
Employee,Six,47,M,2,EF,EE,25000,A
Employee,Two,47,M,1,EE,EE,25000,A
Employee,Eight,47,M,3,ES,EE,25000,A
Employee,Seven,47,M,2,W,EE,25000,A
Employee,Night,47,M,3,ES,EE,25000,A
Employee,Ten,47,M,4,ec2,EE,25000,A
Employee,Five,47,M,2,W,EE,25000,A
Employee,Four,47,M,1,EF,EE,25000,A
Employee,Three,47,M,1,EE,EE,25000,A
Employee,One,47,M,1,EE,EE,25000,A
Employee,Six,47,M,2,EF,EE,25000,A
Employee,Two,47,M,1,EE,EE,25000,A
Employee,Eight,47,M,3,ES,EE,25000,A
Employee,Seven,47,M,2,W,EE,25000,A
Employee,Night,47,M,3,ES,EE,25000,A
Employee,Ten,47,M,4,ec2,EE,25000,A
Employee,Five,47,M,2,W,EE,25000,A
Employee,Four,47,M,1,EF,EE,25000,A
Employee,Three,47,M,1,EE,EE,25000,A
Employee,One,47,M,1,EE,EE,25000,A
Employee,Six,47,M,2,EF,EE,25000,A
Employee,Two,47,M,1,EE,EE,25000,A
Employee,Eight,47,M,3,ES,EE,25000,A
Employee,Seven,47,M,2,W,EE,25000,A
Employee,Night,47,M,3,ES,EE,25000,A
Employee,Ten,47,M,4,ec2,EE,25000,A
Employee,Five,47,M,2,W,EE,25000,A
Employee,Four,47,M,1,EF,EE,25000,A
Employee,Three,47,M,1,EE,EE,25000,A
Employee,One,47,M,1,EE,EE,25000,A
Employee,Six,47,M,2,EF,EE,25000,A
Employee,Two,47,M,1,EE,EE,25000,A
Employee,Eight,47,M,3,ES,EE,25000,A
Employee,Seven,47,M,2,W,EE,25000,A
Employee,Night,47,M,3,ES,EE,25000,A
Employee,Ten,47,M,4,ec2,EE,25000,A
Employee,Five,47,M,2,W,EE,25000,A
Employee,Four,47,M,1,EF,EE,25000,A
Employee,Three,47,M,1,EE,EE,25000,A
Employee,One,47,M,1,EE,EE,25000,A
Employee,Six,47,M,2,EF,EE,25000,A
Employee,Two,47,M,1,EE,EE,25000,A
Employee,Eight,47,M,3,ES,EE,25000,A
Employee,Seven,47,M,2,W,EE,25000,A
Employee,Night,47,M,3,ES,EE,25000,A
Employee,Ten,47,M,4,ec2,EE,25000,A
Employee,Five,47,M,2,W,EE,25000,A
Employee,Four,47,M,1,EF,EE,25000,A
Employee,Three,47,M,1,EE,EE,25000,A
Employee,One,47,M,1,EE,EE,25000,A
Employee,Six,47,M,2,EF,EE,25000,A
Employee,Two,47,M,1,EE,EE,25000,A
Employee,Eight,47,M,3,ES,EE,25000,A
Employee,Seven,47,M,2,W,EE,25000,A
Employee,Night,47,M,3,ES,EE,25000,A
Employee,Ten,47,M,4,ec2,EE,25000,A
Employee,Five,47,M,2,W,EE,25000,A
Employee,Four,47,M,1,EF,EE,25000,A
Employee,Three,47,M,1,EE,EE,25000,A
Employee,One,47,M,1,EE,EE,25000,A
Employee,Six,47,M,2,EF,EE,25000,A
Employee,Two,47,M,1,EE,EE,25000,A
Employee,Eight,47,M,3,ES,EE,25000,A
Employee,Seven,47,M,2,W,EE,25000,A
Employee,Night,47,M,3,ES,EE,25000,A
Employee,Ten,47,M,4,ec2,EE,25000,A
Employee,Five,47,M,2,W,EE,25000,A
Employee,Four,47,M,1,EF,EE,25000,A
Employee,Three,47,M,1,EE,EE,25000,A
Employee,One,47,M,1,EE,EE,25000,A
Employee,Six,47,M,2,EF,EE,25000,A
Employee,Two,47,M,1,EE,EE,25000,A
Employee,Eight,47,M,3,ES,EE,25000,A
Employee,Seven,47,M,2,W,EE,25000,A
Employee,Night,47,M,3,ES,EE,25000,A
Employee,Ten,47,M,4,ec2,EE,25000,A
Employee,Five,47,M,2,W,EE,25000,A
Employee,Four,47,M,1,EF,EE,25000,A
Employee,Three,47,M,1,EE,EE,25000,A
Employee,One,47,M,1,EE,EE,25000,A
Employee,Six,47,M,2,EF,EE,25000,A
Employee,Two,47,M,1,EE,EE,25000,A
Employee,Eight,47,M,3,ES,EE,25000,A
Employee,Seven,47,M,2,W,EE,25000,A
Employee,Night,47,M,3,ES,EE,25000,A
Employee,Ten,47,M,4,ec2,EE,25000,A
Employee,Five,47,M,2,W,EE,25000,A
Employee,Four,47,M,1,EF,EE,25000,A
Employee,Three,47,M,1,EE,EE,25000,A
Employee,One,47,M,1,EE,EE,25000,A
Employee,Six,47,M,2,EF,EE,25000,A
Employee,Two,47,M,1,EE,EE,25000,A
Employee,Eight,47,M,3,ES,EE,25000,A
Employee,Seven,47,M,2,W,EE,25000,A
Employee,Night,47,M,3,ES,EE,25000,A
Employee,Ten,47,M,4,ec2,EE,25000,A
Employee,Five,47,M,2,W,EE,25000,A
Employee,Four,47,M,1,EF,EE,25000,A
Employee,Three,47,M,1,EE,EE,25000,A
Employee,One,47,M,1,EE,EE,25000,A
Employee,Six,47,M,2,EF,EE,25000,A
Employee,Two,47,M,1,EE,EE,25000,A
Employee,Eight,47,M,3,ES,EE,25000,A
Employee,Seven,47,M,2,W,EE,25000,A
Employee,Night,47,M,3,ES,EE,25000,A
Employee,Ten,47,M,4,ec2,EE,25000,A
Employee,Five,47,M,2,W,EE,25000,A
Employee,Four,47,M,1,EF,EE,25000,A
Employee,Three,47,M,1,EE,EE,25000,A
Employee,One,47,M,1,EE,EE,25000,A
Employee,Six,47,M,2,EF,EE,25000,A
Employee,Two,47,M,1,EE,EE,25000,A
Employee,Eight,47,M,3,ES,EE,25000,A
Employee,Seven,47,M,2,W,EE,25000,A
Employee,Night,47,M,3,ES,EE,25000,A
Employee,Ten,47,M,4,ec2,EE,25000,A
Employee,Five,47,M,2,W,EE,25000,A
Employee,Four,47,M,1,EF,EE,25000,A
Employee,Three,47,M,1,EE,EE,25000,A
Employee,One,47,M,1,EE,EE,25000,A
Employee,Six,47,M,2,EF,EE,25000,A
Employee,Two,47,M,1,EE,EE,25000,A
Employee,Eight,47,M,3,ES,EE,25000,A
Employee,Seven,47,M,2,W,EE,25000,A
Employee,Night,47,M,3,ES,EE,25000,A
Employee,Ten,47,M,4,ec2,EE,25000,A
Employee,Five,47,M,2,W,EE,25000,A
Employee,Four,47,M,1,EF,EE,25000,A
Employee,Three,47,M,1,EE,EE,25000,A
Employee,One,47,M,1,EE,EE,25000,A
Employee,Six,47,M,2,EF,EE,25000,A
Employee,Two,47,M,1,EE,EE,25000,A
Employee,Eight,47,M,3,ES,EE,25000,A
Employee,Seven,47,M,2,W,EE,25000,A
Employee,Night,47,M,3,ES,EE,25000,A
Employee,Ten,47,M,4,ec2,EE,25000,A
Employee,Five,47,M,2,W,EE,25000,A
Employee,Four,47,M,1,EF,EE,25000,A
Employee,Three,47,M,1,EE,EE,25000,A
Employee,One,47,M,1,EE,EE,25000,A
Employee,Six,47,M,2,EF,EE,25000,A
Employee,Two,47,M,1,EE,EE,25000,A
Employee,Eight,47,M,3,ES,EE,25000,A
Employee,Seven,47,M,2,W,EE,25000,A
Employee,Night,47,M,3,ES,EE,25000,A
Employee,Ten,47,M,4,ec2,EE,25000,A
Employee,Five,47,M,2,W,EE,25000,A
Employee,Four,47,M,1,EF,EE,25000,A
Employee,Three,47,M,1,EE,EE,25000,A
Employee,One,47,M,1,EE,EE,25000,A
Employee,Six,47,M,2,EF,EE,25000,A
Employee,Two,47,M,1,EE,EE,25000,A
Employee,Eight,47,M,3,ES,EE,25000,A
Employee,Seven,47,M,2,W,EE,25000,A
Employee,Night,47,M,3,ES,EE,25000,A
Employee,Ten,47,M,4,ec2,EE,25000,A
Employee,Five,47,M,2,W,EE,25000,A
Employee,Four,47,M,1,EF,EE,25000,A
Employee,Three,47,M,1,EE,EE,25000,A
Employee,One,47,M,1,EE,EE,25000,A
Employee,Six,47,M,2,EF,EE,25000,A
Employee,Two,47,M,1,EE,EE,25000,A
Employee,Eight,47,M,3,ES,EE,25000,A
Employee,Seven,47,M,2,W,EE,25000,A
Employee,Night,47,M,3,ES,EE,25000,A
Employee,Ten,47,M,4,ec2,EE,25000,A
Employee,Five,47,M,2,W,EE,25000,A
Employee,Four,47,M,1,EF,EE,25000,A
Employee,Three,47,M,1,EE,EE,25000,A
Employee,One,47,M,1,EE,EE,25000,A
Employee,Six,47,M,2,EF,EE,25000,A
Employee,Two,47,M,1,EE,EE,25000,A
Employee,Eight,47,M,3,ES,EE,25000,A
Employee,Seven,47,M,2,W,EE,25000,A
Employee,Night,47,M,3,ES,EE,25000,A
Employee,Ten,47,M,4,ec2,EE,25000,A
Employee,Five,47,M,2,W,EE,25000,A
Employee,Four,47,M,1,EF,EE,25000,A
Employee,Three,47,M,1,EE,EE,25000,A
Employee,One,47,M,1,EE,EE,25000,A
Employee,Six,47,M,2,EF,EE,25000,A
Employee,Two,47,M,1,EE,EE,25000,A
Employee,Eight,47,M,3,ES,EE,25000,A
Employee,Seven,47,M,2,W,EE,25000,A
Employee,Night,47,M,3,ES,EE,25000,A
Employee,Ten,47,M,4,ec2,EE,25000,A
Employee,Five,47,M,2,W,EE,25000,A
Employee,Four,47,M,1,EF,EE,25000,A
Employee,Three,47,M,1,EE,EE,25000,A
Employee,One,47,M,1,EE,EE,25000,A
Employee,Six,47,M,2,EF,EE,25000,A
Employee,Two,47,M,1,EE,EE,25000,A
Employee,Eight,47,M,3,ES,EE,25000,A
Employee,Seven,47,M,2,W,EE,25000,A
